"","name","p_value","X1","X2","X3","X4","X5","X6","X7","X8","X9","X10","X11","X12","X13","X14","X15","X16","X17","X18","X19","X20","X21","X22","X23","X24","X25","X26","X27","X28","X29","X30","X31","X32","X33","X34","X35","X36","X37","X38","X39","X40","X41","X42","X43","X44","X45","X46","X47","X48","X49","X50","X51","X52","X53","X54","X55","X56","X57","X58","X59","X60","X61","X62","X63","X64","X65","X66","X67","X68","X69","X70","X71","X72","X73","X74","X75","X76","X77","X78","X79","X80","X81","X82","X83","X84","X85","X86","X87","X88","X89","X90","X91","X92","X93","X94","X95","X96","X97","X98","X99","X100","X101","X102"
"1","again",0.0053678655079612,1,0,3,0,1,6,2,1,1,1,3,3,10,3,0,0,0,5,4,1,2,9,4,2,1,0,2,3,3,1,6,4,1,3,4,6,2,1,1,3,2,6,3,2,5,3,2,3,0,5,1,1,1,3,3,6,6,1,4,1,10,4,4,6,5,12,0,1,0,1,1,3,3,5,3,3,0,3,1,0,1,6,5,0,7,3,5,10,5,3,6,8,3,2,3,1,5,4,5,5,0,6
"2","an",0.0101341993394828,13,6,7,15,16,13,12,1,19,5,13,10,11,5,10,4,6,5,13,1,4,8,14,13,2,4,5,10,2,9,16,4,5,6,2,4,10,6,1,3,9,11,1,4,4,5,5,9,3,1,6,6,6,7,6,14,13,6,8,4,13,5,11,10,0,13,0,7,2,13,8,4,7,14,8,3,8,2,6,15,6,1,10,4,15,7,8,1,9,7,8,22,10,5,16,14,14,5,4,4,2,12
"3","are",0.0609088876168116,2,3,0,0,2,3,1,0,5,1,3,1,2,0,4,0,2,5,2,15,2,17,2,3,4,5,2,4,7,14,1,3,1,6,3,1,1,1,3,2,0,4,1,8,10,6,2,5,1,3,2,2,1,3,5,19,3,1,0,0,8,1,6,6,0,2,2,0,3,3,0,0,1,12,21,1,0,2,1,7,5,3,8,2,4,5,1,6,17,1,3,37,4,3,3,1,0,9,2,1,3,7
"4","ask",0.00824659599240796,0,0,0,3,0,2,0,0,0,0,0,0,1,4,1,0,0,0,0,0,1,0,1,2,1,0,0,1,0,0,0,0,0,0,1,1,0,1,1,1,0,0,1,3,0,0,0,1,0,1,0,1,2,1,6,0,6,1,0,1,1,0,0,1,1,2,0,1,0,3,1,0,1,4,4,0,0,1,1,2,3,0,1,1,1,0,0,1,2,1,3,7,0,0,1,0,0,8,4,1,0,0
"5","asked",0.0286941984671545,0,0,1,5,0,1,2,1,0,1,1,0,1,1,3,3,3,3,0,1,3,2,0,0,0,0,1,0,2,1,1,0,0,0,0,0,1,2,1,0,0,2,1,3,3,1,3,4,1,6,2,0,1,3,0,5,1,0,1,0,0,0,1,0,0,1,1,1,1,2,1,0,1,1,1,0,0,0,0,0,3,0,1,2,1,0,2,2,0,1,7,10,1,1,0,0,0,0,1,0,0,5
"6","at",0.0186528585371893,18,19,32,35,33,19,20,15,30,15,41,27,62,35,33,16,34,28,36,16,31,33,35,56,16,14,26,44,29,43,32,26,14,35,32,18,27,29,19,27,16,14,19,31,22,32,25,30,19,33,19,33,26,34,22,48,35,46,20,14,40,36,46,35,37,47,10,38,22,37,50,38,38,61,36,37,7,27,9,18,31,13,35,16,48,35,25,31,27,49,47,110,23,18,34,27,36,21,29,24,8,37
"7","attitude",0.0750672549128069,0,1,1,0,0,0,1,0,0,0,1,1,5,1,0,0,0,0,0,0,0,0,1,1,0,0,1,5,1,3,0,0,1,0,0,2,0,2,6,2,0,0,0,1,1,0,0,1,0,0,1,3,3,0,2,3,1,1,0,1,0,0,0,0,0,0,0,0,0,1,0,0,0,0,1,0,0,1,0,0,2,0,1,0,1,1,0,0,0,1,1,0,0,0,1,0,1,0,0,0,0,0
"8","avenue",0.0878062039523585,0,2,1,1,0,0,0,0,0,0,1,0,1,0,0,0,0,0,3,2,0,0,3,5,2,1,2,1,1,0,2,2,1,1,4,1,0,0,0,0,1,3,2,2,0,0,0,0,0,0,0,0,0,0,0,0,0,0,1,0,2,0,0,0,0,0,0,0,0,0,0,0,0,0,0,0,0,0,1,0,0,0,0,0,0,0,2,0,0,0,0,0,0,0,0,0,0,0,0,0,0,0
"9","away",0.0755699418408321,0,1,8,4,1,4,1,0,3,0,4,2,15,7,0,1,5,4,6,1,3,1,2,1,2,0,1,4,2,2,2,0,0,0,2,0,1,2,1,1,1,2,1,1,3,1,2,2,1,4,0,2,0,3,0,4,12,1,7,2,8,8,10,2,8,9,0,0,1,4,2,2,2,3,7,3,0,6,1,2,4,4,1,1,2,4,0,3,1,5,23,18,5,0,1,0,1,3,6,1,1,0
"10","back",0.0265242904961229,1,2,7,2,4,7,0,1,10,4,3,2,8,3,1,5,1,10,5,0,2,5,0,5,4,2,2,4,1,2,5,0,2,2,4,7,4,1,0,2,0,3,5,1,1,1,5,5,1,5,5,0,1,2,2,5,0,0,0,0,6,7,10,1,1,7,1,2,4,6,4,5,5,13,14,6,0,6,2,2,0,2,1,0,1,6,2,3,1,6,7,13,0,2,2,1,1,0,1,1,1,2
"11","because",0.06380918381393,2,4,4,4,3,5,3,2,4,0,13,4,9,1,5,2,4,5,3,0,4,8,5,2,2,5,9,12,2,11,10,15,2,7,6,3,3,1,4,2,1,4,6,5,2,5,9,7,2,5,5,11,3,7,4,8,12,7,3,1,5,9,7,5,2,4,0,2,1,2,4,2,4,7,9,6,5,7,1,12,2,11,7,6,7,11,7,6,10,12,10,13,4,7,6,2,9,11,9,10,0,11
"12","before",0.00654236048424151,3,3,2,11,7,8,5,0,7,7,8,1,8,10,7,8,3,2,12,1,5,11,7,18,8,1,3,14,3,6,5,4,3,8,10,10,8,3,3,5,4,5,3,5,3,4,13,4,4,8,7,6,5,9,3,12,8,4,4,1,9,17,11,11,10,16,1,0,6,7,12,8,8,16,11,8,5,6,0,11,6,8,10,5,17,13,8,3,8,17,12,37,7,5,12,3,6,12,4,10,3,22
"13","began",0.0515226171535916,2,4,0,4,2,3,1,1,2,1,4,0,5,2,5,1,4,8,9,1,1,3,2,6,0,1,3,5,2,6,0,0,1,1,3,0,1,0,0,0,0,1,0,4,0,0,3,1,1,6,3,3,2,3,5,5,5,0,0,1,0,0,0,1,1,0,0,0,1,4,9,0,0,3,1,1,0,1,0,1,3,1,1,0,3,2,0,1,0,3,3,9,1,0,0,3,1,1,0,4,0,4
"14","being",0.0290019759488376,3,8,4,5,3,1,4,2,2,3,7,5,7,4,3,2,5,6,14,1,1,6,1,7,2,2,7,8,4,7,9,1,1,5,6,0,4,2,2,3,2,3,1,5,2,5,1,3,5,7,3,2,5,7,7,7,4,10,4,4,6,5,2,2,1,8,2,5,2,2,6,4,5,7,5,5,2,7,4,9,6,3,11,5,2,1,5,7,5,6,6,18,10,1,6,1,5,6,1,5,0,6
"15","believe",0.00368271803247755,2,0,1,0,1,0,1,1,1,0,0,0,4,0,1,0,1,8,0,0,2,1,4,2,1,0,0,5,1,1,0,0,0,0,0,0,2,0,0,1,0,0,0,2,0,1,0,0,0,1,1,0,3,0,0,0,0,1,0,0,1,0,1,2,0,1,0,1,1,0,1,2,1,2,5,3,2,4,0,4,5,1,8,1,8,2,1,4,1,2,1,1,4,5,5,1,0,0,0,1,0,5
"16","besides",0.000401571179968752,1,0,0,0,0,0,0,0,1,1,0,0,1,0,1,0,1,0,0,4,2,2,2,0,1,1,0,4,1,0,0,0,0,2,1,1,1,2,5,1,0,1,0,1,0,1,2,1,1,1,0,0,1,10,0,6,10,1,0,1,1,1,2,2,0,2,0,0,1,1,1,1,1,2,3,1,0,1,0,0,3,0,4,0,1,1,0,1,1,2,7,5,1,3,1,2,3,1,1,1,1,1
"17","best",0.0117026139025782,1,0,1,2,0,0,4,1,1,0,1,0,1,1,1,1,1,2,3,2,2,5,1,3,0,3,1,3,1,2,2,1,0,3,0,0,2,2,0,0,1,2,1,2,1,1,0,1,1,0,0,1,0,1,0,5,4,0,1,1,0,3,3,1,3,2,1,0,2,3,1,5,3,3,4,1,1,0,1,1,1,1,5,3,3,0,1,0,4,1,7,5,1,0,1,0,2,0,1,1,0,1
"18","bittern",0.0635501487899276,0,0,0,0,0,0,0,0,0,0,0,0,0,0,0,0,0,0,0,0,0,0,0,0,0,0,0,0,0,0,0,0,0,0,0,0,0,0,0,0,0,0,0,0,0,0,0,0,0,0,0,0,0,0,0,0,0,0,0,0,0,0,4,6,11,7,3,9,3,2,2,3,4,10,10,7,1,0,0,1,0,3,5,1,1,7,1,2,5,0,5,23,3,0,0,0,0,0,0,0,0,0
"19","boat",0.0237432617466319,0,0,0,0,0,0,0,0,0,0,1,0,0,0,0,0,0,0,0,0,0,0,0,0,0,0,2,0,0,0,0,0,0,4,1,1,0,0,0,0,0,0,0,0,1,0,0,0,0,0,0,0,0,0,0,0,0,0,0,0,6,1,5,6,2,18,1,3,2,1,2,6,9,7,5,0,9,6,0,1,5,8,2,0,3,2,0,5,0,0,9,41,2,0,0,0,0,0,0,6,0,0
"20","business",0.0958090541353595,2,1,1,0,0,0,3,0,4,1,0,0,4,0,0,1,0,0,0,4,2,4,6,5,3,2,1,3,0,4,1,2,1,0,0,0,0,0,0,0,0,0,0,1,1,0,1,2,0,1,0,0,0,1,1,4,1,0,0,0,1,1,0,0,0,3,2,0,0,1,0,0,1,1,0,0,0,0,0,0,1,0,1,0,2,0,0,0,0,0,1,0,1,3,0,1,1,0,0,0,0,0
"21","call",0.0796502070543393,2,0,0,1,0,0,1,0,1,0,1,2,3,0,0,0,0,1,0,0,0,1,1,0,0,0,0,1,3,0,2,0,0,3,0,0,0,0,3,0,0,0,1,0,1,1,0,0,0,1,0,0,0,2,0,0,1,0,0,0,2,0,4,1,0,1,3,0,0,1,3,0,1,1,3,1,2,3,0,1,0,0,1,0,0,0,1,0,0,0,0,1,1,0,1,0,2,3,0,0,0,0
"22","called",0.0282864190244376,2,2,3,4,2,7,1,0,11,1,0,1,3,0,2,0,6,3,6,1,2,0,3,5,0,0,2,1,2,2,4,0,0,2,1,1,1,0,1,0,0,2,2,3,0,0,1,2,0,0,2,1,0,0,0,2,2,0,4,0,0,1,1,0,0,0,1,0,1,2,1,1,3,0,0,0,0,2,0,3,0,0,0,1,2,1,3,2,2,2,2,4,0,0,2,2,2,3,0,0,0,1
"23","came",0.00951481197349513,0,1,3,3,1,1,2,0,6,1,3,0,11,1,0,1,5,2,1,3,3,5,3,8,1,1,4,5,1,4,6,1,2,3,2,5,1,1,3,3,0,2,2,5,5,1,1,4,1,3,1,1,2,3,1,4,2,0,2,1,6,3,3,2,1,2,0,1,2,1,1,1,3,3,0,1,0,3,1,1,2,0,1,1,2,1,0,4,3,3,4,17,1,0,2,2,1,0,1,1,0,1
"24","can't",0.0122987178859432,1,0,1,0,2,0,0,0,2,0,2,2,2,1,1,3,4,7,2,1,2,0,1,1,1,3,4,5,2,7,0,0,0,1,2,2,1,0,10,1,0,2,0,0,0,1,3,1,3,3,3,2,2,7,2,7,13,2,0,0,4,7,12,0,0,0,0,0,1,1,2,0,2,1,4,0,0,6,4,0,4,4,7,0,2,0,2,7,0,0,2,15,0,1,2,1,1,1,0,0,0,0
"25","car",0.00211230146359342,0,0,0,0,0,4,2,0,0,0,0,0,0,0,1,0,18,1,42,0,0,8,0,0,0,0,0,1,1,0,0,0,0,1,3,0,3,1,0,0,1,8,0,0,0,2,0,0,1,0,5,1,1,0,1,1,0,0,4,0,0,0,4,1,3,1,0,0,1,1,0,3,1,0,0,0,0,1,0,0,1,0,1,0,0,1,2,0,0,2,0,0,0,0,0,0,0,0,0,0,0,0
"26","care",0.0307739194575125,4,0,0,0,1,0,1,0,0,1,1,1,1,1,3,0,2,4,0,0,3,4,0,0,0,0,0,1,1,1,0,0,0,0,0,2,2,2,0,0,0,0,2,1,0,1,1,1,2,2,5,1,1,2,0,2,4,0,0,1,4,2,1,1,0,0,0,0,0,1,2,0,1,0,1,0,0,1,0,0,1,1,1,1,0,2,1,1,1,11,3,5,1,1,1,0,2,0,0,0,0,4
"27","cell",0.0844706024761682,0,0,0,0,0,0,0,0,0,0,0,0,0,0,0,0,0,0,0,0,0,0,0,0,0,0,0,0,0,0,0,0,0,0,0,0,0,0,0,0,0,0,0,0,0,0,0,0,0,0,0,0,0,0,0,0,0,0,0,0,0,0,0,0,0,0,0,0,0,0,0,0,0,0,0,1,0,2,0,4,0,0,0,5,0,0,0,0,1,0,0,2,5,0,7,6,9,9,3,4,0,2
"28","change",0.0544812140605195,0,0,0,0,0,5,1,2,0,0,1,0,2,0,0,0,1,1,1,1,0,0,1,1,0,0,0,0,0,1,0,2,0,0,0,1,1,0,1,0,1,0,0,0,0,1,3,0,0,1,0,1,0,1,0,1,4,0,0,4,0,3,1,1,0,2,0,0,0,0,0,1,1,2,0,0,0,0,2,1,0,3,3,1,4,3,1,1,3,3,1,10,2,0,1,0,0,0,1,4,0,3
"29","circumstances",0.0198256885782079,0,1,0,0,0,0,0,0,0,0,0,0,1,0,0,1,0,0,0,0,0,1,1,0,1,0,0,0,1,0,0,0,0,0,0,0,0,0,1,1,0,0,0,0,0,0,1,0,0,1,0,2,4,0,0,1,1,2,0,1,0,0,0,1,0,0,0,1,1,1,4,0,1,1,4,0,2,1,3,0,1,1,4,1,2,1,2,1,4,1,3,1,1,0,0,1,1,0,4,1,1,1
"30","clyde",0.0645580618476982,3,9,17,24,17,21,29,6,29,11,33,14,37,7,29,15,20,34,19,1,3,31,29,48,26,16,49,43,24,40,24,3,21,16,22,16,28,9,18,16,6,15,16,31,12,17,14,19,12,11,17,14,8,16,20,10,34,17,13,7,13,18,27,7,7,23,0,3,1,4,22,3,19,27,31,24,17,31,12,31,29,4,37,16,25,26,26,33,24,33,25,105,25,11,24,8,29,30,13,20,8,31
"31","coat",0.000473729042310134,0,0,0,0,1,0,1,0,2,0,0,2,1,34,35,13,3,3,0,0,1,1,0,0,2,0,2,4,2,0,1,0,0,1,0,0,0,0,2,0,0,0,1,2,0,0,1,1,0,1,1,0,0,0,0,2,0,0,1,0,0,0,0,0,0,1,5,1,1,0,1,0,2,3,0,0,0,0,0,0,0,0,0,0,1,2,0,1,0,0,1,1,0,1,3,0,0,0,0,0,0,0
"32","come",0.0834293180044676,1,1,8,6,3,2,4,3,2,4,8,1,15,4,1,3,3,4,1,4,10,6,3,7,3,4,3,4,6,6,0,3,0,11,12,1,6,2,3,3,1,2,5,9,3,6,7,7,2,6,2,6,1,3,1,5,6,2,4,1,20,12,27,3,2,6,1,1,3,4,3,7,6,8,10,2,1,7,3,6,0,1,8,6,2,9,2,11,2,3,10,10,0,5,11,0,2,12,1,8,0,4
"33","company",0.0687725210840913,1,0,0,1,2,0,0,0,0,0,0,0,2,0,0,0,0,1,0,2,2,1,5,6,5,3,2,0,0,0,8,7,0,3,1,0,2,0,0,1,0,0,2,1,0,2,0,7,0,0,0,0,0,1,1,0,0,1,0,0,1,1,0,0,0,1,0,0,0,1,2,0,0,2,2,1,0,1,0,0,0,0,0,0,0,3,2,0,0,0,0,1,2,1,0,0,0,0,0,0,0,2
"34","couldn't",0.0539057920823182,0,0,0,1,0,3,0,1,0,0,2,2,2,0,4,2,2,1,1,0,1,1,0,1,0,0,0,0,0,1,0,0,0,2,5,1,2,1,1,4,0,1,3,1,1,0,5,2,1,4,0,0,0,4,0,1,6,1,1,1,2,5,4,0,0,1,0,0,0,1,2,0,0,4,2,3,0,2,0,0,4,1,0,1,0,0,0,4,0,12,18,20,0,1,2,0,0,0,3,0,0,0
"35","cranston",0.0168096404138979,0,0,0,0,0,0,0,0,0,0,0,0,0,0,0,0,0,0,0,5,0,0,0,0,1,0,0,0,2,0,0,2,1,0,1,0,0,0,1,0,0,0,3,3,2,0,1,3,2,2,2,0,0,0,0,0,1,1,0,0,0,1,1,0,2,0,0,0,0,0,2,4,3,2,0,2,0,0,0,0,0,0,0,0,0,0,0,2,0,0,0,1,0,0,0,0,0,0,0,0,0,0
"36","dark",0.0672227203134126,2,0,1,0,0,0,0,0,3,1,1,1,0,1,0,0,2,0,1,1,1,0,0,0,1,0,1,1,1,0,2,0,0,2,1,2,1,0,2,4,1,0,0,5,0,0,0,2,0,1,1,2,1,0,0,1,0,2,1,0,4,2,5,1,3,13,0,0,0,2,0,4,2,5,1,0,0,0,0,1,0,0,0,1,1,0,0,1,0,1,1,2,0,0,1,0,0,2,3,2,0,1
"37","did",0.0693590614048482,8,3,8,9,9,8,4,7,6,2,10,8,16,2,12,5,12,14,7,4,5,10,7,6,5,2,9,10,10,4,5,3,2,6,9,7,7,6,6,4,2,6,9,7,9,4,12,8,5,13,3,12,8,5,5,8,15,5,4,1,6,5,9,5,4,14,1,1,2,3,1,10,6,6,7,5,0,9,2,7,10,3,10,6,4,13,6,9,9,49,45,52,5,8,12,1,6,6,10,18,1,5
"38","didn't",0.00182428556855607,0,0,3,0,1,1,0,1,2,1,3,2,13,1,4,2,7,15,3,2,2,8,4,1,1,2,4,3,1,6,1,0,1,0,2,2,2,3,1,0,0,4,0,5,2,1,3,5,1,12,1,0,0,3,3,0,6,1,0,0,1,1,6,1,1,0,0,0,1,0,1,0,6,2,19,3,1,2,1,3,6,2,0,1,4,0,0,2,3,41,30,62,1,1,0,0,0,0,0,3,0,0
"39","distance",0.0969589233967835,0,0,0,0,0,0,0,0,1,0,0,1,1,0,0,0,0,0,5,0,0,0,0,1,1,0,0,1,0,0,1,0,0,1,0,0,1,0,1,0,0,0,0,0,0,0,0,0,0,0,0,1,0,0,0,0,0,0,0,0,2,0,1,0,0,1,1,0,1,0,1,1,0,3,0,0,1,0,0,0,0,0,0,0,0,0,3,1,0,0,0,6,0,0,0,0,0,0,0,0,0,0
"40","do",0.00925367282370715,8,9,10,8,9,5,4,1,9,2,13,9,9,9,20,12,5,29,14,7,14,18,8,15,6,6,9,11,6,25,5,1,7,8,16,11,11,4,15,19,3,4,8,18,12,5,11,9,13,12,6,8,3,23,5,29,33,9,0,3,13,13,21,24,10,19,0,5,9,9,4,3,9,9,16,3,2,10,3,10,11,17,8,4,13,8,5,9,11,16,28,49,2,3,9,3,6,8,5,9,1,12
"41","doubt",0.0461877966748303,0,0,1,0,0,1,0,0,1,1,2,0,3,2,0,0,0,0,0,0,1,1,0,3,2,1,0,2,0,0,0,0,0,1,0,0,0,0,1,3,0,0,1,0,0,1,1,0,0,2,0,2,0,0,0,2,0,1,0,0,2,2,0,0,1,0,0,1,2,0,2,3,1,0,3,0,0,4,3,1,1,0,4,1,2,3,0,0,2,0,0,2,2,1,3,0,2,1,4,3,2,2
"42","each",0.0176038234283368,1,1,1,0,4,0,0,0,0,1,1,0,0,0,1,0,0,1,1,0,0,0,0,4,0,0,2,0,1,1,2,0,0,0,1,0,2,0,0,1,2,0,0,1,2,1,0,1,0,0,0,1,1,1,3,0,2,1,1,0,0,2,0,0,0,1,0,1,1,1,1,0,0,1,2,1,0,1,0,1,0,0,0,1,2,1,4,1,4,1,3,7,3,0,1,6,11,2,0,0,2,4
"43","end",0.0227589017560148,0,0,0,0,0,1,0,0,0,1,0,0,2,0,1,1,2,3,2,0,0,1,0,11,1,0,0,3,2,4,0,2,1,0,2,1,1,0,2,2,2,0,1,0,0,0,1,0,2,2,1,1,0,3,0,1,2,0,0,0,2,1,5,1,3,2,0,0,0,0,1,4,0,5,0,3,0,1,0,0,0,1,2,0,2,3,1,2,3,0,0,4,0,0,0,4,2,0,2,2,2,0
"44","enough",0.0864138158396359,1,3,2,5,0,1,2,0,2,0,3,3,8,3,4,5,1,1,3,8,1,1,1,0,3,2,2,1,1,7,2,1,0,2,3,0,1,1,1,1,0,1,3,1,1,1,0,3,2,1,2,2,5,0,3,4,7,3,0,1,4,0,2,4,1,2,0,0,0,1,0,0,0,2,2,1,0,0,0,1,3,1,1,0,1,4,0,5,1,3,3,12,1,1,2,0,3,3,0,1,0,3
"45","esta",0.0646143753693309,1,0,13,2,0,1,0,0,0,1,0,0,27,4,1,7,0,0,0,0,0,8,0,1,0,0,0,0,1,0,0,0,0,0,0,0,0,0,0,0,0,0,0,0,0,0,0,0,0,0,0,0,0,0,0,0,0,1,0,0,0,0,0,2,0,0,0,0,0,0,0,1,0,0,0,0,0,0,0,0,0,0,8,0,0,0,0,0,1,0,0,0,0,0,0,0,0,0,0,0,0,0
"46","even",0.095879270546979,3,1,4,2,3,4,6,6,6,2,3,2,3,7,9,3,3,8,3,3,3,6,5,4,2,5,9,10,5,4,6,2,4,7,2,0,4,4,3,9,6,4,7,11,2,5,4,11,3,9,5,12,8,10,6,9,7,6,7,5,11,11,8,9,4,11,1,2,3,8,2,8,3,11,11,3,1,6,5,11,9,2,9,4,5,8,1,2,7,2,3,19,8,8,9,6,9,2,11,13,0,14
"47","explain",0.0541769756722364,0,0,2,0,3,1,0,1,0,0,0,0,2,0,0,1,0,0,0,0,0,2,0,0,1,0,0,0,0,3,3,0,0,1,0,1,0,0,0,0,0,0,0,1,0,3,0,0,0,2,0,0,0,2,1,0,0,5,1,0,0,0,1,0,2,0,0,0,0,6,2,5,0,1,2,2,2,4,0,2,2,4,0,2,0,1,0,0,1,4,4,2,0,1,1,0,0,1,1,2,0,0
"48","face",0.0403375443595383,4,1,6,4,0,1,0,0,1,0,1,2,6,2,3,5,0,4,4,1,1,1,1,3,1,1,2,0,1,0,2,1,2,1,6,4,2,1,4,4,0,0,4,5,1,0,8,5,1,5,0,5,4,7,2,7,10,1,4,2,3,7,2,1,1,10,1,3,3,6,1,1,2,4,6,1,4,1,3,2,5,1,5,2,5,3,0,4,2,2,2,12,5,2,7,1,4,6,6,4,2,6
"49","family",0.0978808495309279,5,5,2,2,2,0,1,1,0,1,1,0,10,1,0,2,0,0,0,5,4,2,3,7,1,1,2,8,9,2,3,5,2,0,0,0,1,5,0,1,1,1,3,0,4,2,1,3,3,0,1,1,0,2,1,3,2,0,1,0,2,3,0,0,0,1,1,1,1,2,6,1,0,0,0,0,0,2,5,3,2,1,3,5,0,1,2,1,1,1,0,0,0,2,1,0,1,1,0,0,0,0
"50","feel",0.0969762150698708,1,0,0,0,0,0,1,0,3,0,3,0,1,2,2,0,1,3,1,0,2,5,0,2,1,0,5,3,1,4,0,1,1,1,5,1,3,1,3,1,0,1,0,1,1,2,5,2,1,6,0,5,0,5,0,8,4,1,1,1,8,2,3,2,1,1,0,0,0,0,0,0,3,0,1,0,0,2,0,3,1,0,3,0,6,0,0,3,2,5,4,10,1,2,1,1,3,2,5,2,1,6
"51","fifty",0.0756510488091321,1,0,0,0,0,0,0,0,0,0,0,0,0,4,3,7,0,0,0,0,0,0,0,1,0,0,0,0,0,0,1,1,0,0,0,0,0,1,0,0,0,0,0,0,0,0,0,0,0,0,0,0,1,0,0,0,0,0,0,1,0,0,2,0,0,0,1,0,1,0,0,0,1,1,0,0,0,0,0,0,0,0,0,0,1,0,0,0,0,0,1,7,0,0,0,1,0,0,0,0,0,1
"52","final",0.00920694122855381,0,0,0,0,1,0,0,0,0,0,0,0,0,0,0,0,0,0,0,1,0,0,0,1,0,0,0,0,0,0,0,0,0,0,0,0,0,0,0,0,0,0,0,0,0,0,0,0,0,0,0,0,0,0,0,0,1,0,0,0,1,0,1,1,1,0,0,0,0,0,1,0,0,0,0,0,0,0,1,0,0,0,0,0,0,1,0,0,1,0,1,1,4,0,0,5,1,0,0,0,0,12
"53","find",0.0431640512414633,0,0,1,2,1,0,0,0,0,0,3,0,3,5,4,0,0,0,2,0,1,2,2,1,0,0,2,5,2,3,0,1,0,1,2,0,2,2,1,1,0,0,3,0,2,2,0,0,0,0,0,2,2,6,2,5,11,0,0,0,2,1,1,2,2,1,1,0,3,2,3,0,5,3,2,0,1,6,1,5,7,1,1,0,0,5,0,0,1,3,3,0,6,1,2,1,1,1,3,1,0,1
"54","fonda",0.0468110984437881,0,0,0,0,0,0,0,0,0,0,0,0,0,0,0,0,0,0,0,0,0,0,0,0,0,2,2,0,0,0,1,0,0,1,0,0,8,2,0,0,0,0,0,0,0,2,3,0,0,0,0,0,0,0,0,2,0,0,0,1,2,0,0,5,2,0,0,0,0,0,0,0,0,0,0,0,0,0,0,0,0,0,0,0,0,1,3,2,1,0,2,4,0,0,0,0,0,0,0,0,0,0
"55","from",0.000350751021738649,11,10,15,7,11,11,7,4,16,4,7,0,18,8,3,5,11,7,14,10,12,28,7,22,7,6,7,21,9,16,16,12,9,12,9,6,11,17,7,12,7,9,11,11,5,8,7,10,11,7,5,5,4,11,7,13,14,10,16,7,16,13,19,27,21,26,7,8,7,14,25,16,16,20,23,11,8,23,5,10,10,2,13,7,8,33,16,18,7,21,11,52,15,14,19,11,20,29,21,8,6,20
"56","girl",0.093652665544922,9,2,3,3,0,1,1,2,6,8,15,8,2,9,2,0,3,3,2,1,4,6,0,5,1,0,2,1,2,3,15,3,5,9,2,5,2,2,4,2,1,1,8,14,3,2,3,6,1,4,1,1,2,2,3,6,6,1,2,0,9,2,3,1,1,2,0,4,4,11,7,4,3,6,13,5,1,10,3,7,9,17,8,1,2,13,2,4,12,3,2,12,1,3,0,0,2,3,2,0,0,1
"57","got",0.025803772867413,0,0,0,0,3,2,5,0,2,0,5,1,3,1,7,1,2,1,3,0,1,6,2,1,1,1,1,1,0,1,0,0,2,1,0,1,0,0,0,0,0,0,0,0,0,2,3,4,1,8,4,0,0,3,4,4,8,1,0,0,2,1,1,1,1,0,1,0,4,1,1,1,1,1,1,0,0,1,1,0,6,2,1,0,2,0,0,0,0,5,12,10,1,2,1,0,0,0,1,1,0,0
"58","grace",0.0497002688992642,0,1,0,1,0,0,1,0,0,0,0,0,0,0,0,0,0,0,0,0,0,0,0,0,0,0,0,1,0,0,0,7,3,6,6,6,9,21,0,0,0,0,0,0,0,0,0,1,0,0,0,0,0,0,0,1,1,0,0,0,0,0,0,0,0,0,0,0,0,0,0,0,0,0,0,0,0,0,0,0,0,0,0,0,1,1,3,0,0,0,0,0,0,0,0,0,1,0,0,0,0,0
"59","great",0.038001621016813,5,1,4,4,3,1,3,1,1,0,1,0,1,1,1,0,0,1,1,2,1,6,3,7,2,2,1,7,0,3,2,3,0,1,1,0,1,2,1,1,1,1,1,0,0,0,0,0,1,1,1,2,3,3,1,1,2,2,0,4,2,4,0,5,0,2,1,0,2,3,1,3,1,3,1,0,0,1,1,2,1,2,6,1,4,2,1,1,3,1,2,4,1,5,2,1,3,2,2,1,1,4
"60","guilty",0.0888490328778015,0,0,0,0,0,0,0,0,0,0,0,0,0,0,0,0,0,0,0,0,0,1,0,0,0,0,0,0,0,0,0,0,0,0,1,0,0,0,0,0,0,0,0,0,0,0,0,0,0,0,0,0,0,0,0,0,0,0,0,0,0,0,0,0,0,0,0,0,0,0,0,1,0,0,3,0,0,1,6,1,2,0,6,1,8,0,1,1,3,1,0,3,5,8,4,0,1,7,4,7,1,6
"61","has",0.0163293496796223,0,1,5,0,4,0,2,0,0,0,0,1,2,1,0,1,0,2,0,0,4,7,3,1,0,0,4,4,5,4,1,0,0,0,0,0,0,0,0,0,0,0,0,1,1,0,0,3,0,2,0,0,0,2,1,4,2,0,0,0,4,3,1,3,0,2,0,0,4,10,0,0,1,4,1,1,0,3,1,0,3,7,11,0,0,14,1,3,10,0,3,7,1,4,1,1,0,6,7,1,1,4
"62","have",0.0173850742793572,6,4,7,2,9,3,7,4,5,4,25,10,32,17,24,14,5,13,10,11,4,16,10,15,7,7,6,17,8,25,4,2,7,8,10,9,11,6,4,8,3,8,4,14,6,11,18,12,8,15,7,6,6,8,7,32,28,9,9,3,17,11,28,22,14,16,8,2,10,10,15,10,14,10,13,7,10,18,6,10,18,18,28,3,14,21,7,23,35,27,23,47,9,18,6,3,10,15,28,9,4,30
"63","he's",0.0396719165275857,0,0,0,2,2,2,4,0,3,0,0,4,0,0,3,0,0,0,2,0,11,0,2,8,13,2,1,8,2,7,0,0,3,0,0,0,0,1,0,0,0,2,2,0,0,0,0,4,3,0,1,0,0,1,1,2,0,0,0,0,0,1,1,0,0,0,0,1,1,0,4,0,0,1,2,0,0,2,2,2,5,20,0,0,0,2,0,0,0,1,0,0,0,0,0,0,1,0,0,0,0,1
"64","hear",0.0228857554223119,1,0,0,1,0,0,0,0,4,1,0,0,0,0,0,0,1,0,1,2,0,5,1,1,0,0,3,1,0,1,1,1,0,0,2,1,0,1,1,1,0,0,3,4,0,0,0,0,1,0,0,0,1,0,1,0,2,1,0,0,3,1,8,1,0,1,1,1,0,2,0,1,4,1,1,3,0,3,0,2,0,1,3,0,3,1,0,1,0,1,4,2,3,0,0,2,3,3,2,1,1,0
"65","heard",0.0678500138724722,2,1,3,2,0,1,1,2,3,1,1,2,4,0,0,0,0,1,2,1,3,1,2,0,0,0,1,6,0,1,0,0,2,1,1,2,0,0,1,0,0,1,2,3,0,1,1,1,0,0,0,0,1,2,1,3,1,1,1,1,1,1,6,1,0,3,0,1,2,2,1,2,2,2,4,1,0,0,1,3,2,1,2,0,0,2,5,2,2,1,1,15,2,1,4,0,3,0,1,2,1,2
"66","heart",0.0158946387980363,2,0,2,0,1,0,0,0,2,0,0,1,0,0,1,0,0,0,0,0,0,0,1,1,0,0,0,0,0,0,0,0,0,0,1,0,0,0,2,1,0,1,0,0,1,0,1,2,0,2,0,1,1,1,1,0,0,0,1,0,1,1,0,0,0,1,0,0,0,0,2,2,0,1,1,0,0,2,0,2,1,4,2,2,6,2,1,2,1,1,3,12,2,2,3,0,1,9,3,11,0,6
"67","heit",0.0863139963992933,0,0,0,0,0,0,0,0,0,0,0,0,0,0,0,0,0,0,0,0,0,0,0,0,0,0,0,0,0,0,0,0,0,0,0,0,0,0,0,0,0,0,0,0,0,0,0,0,0,0,0,0,0,0,0,0,0,0,0,0,0,0,0,0,0,0,7,3,7,5,7,0,0,4,0,1,3,1,0,0,0,0,0,0,1,0,0,4,0,0,0,0,1,0,0,0,0,0,0,0,0,0
"68","help",0.0643142075465608,2,2,0,1,1,1,0,1,1,0,4,2,8,0,3,3,3,2,2,0,0,3,0,1,1,0,1,1,0,2,8,2,1,2,1,2,1,0,1,1,0,0,2,2,0,1,1,5,0,6,1,8,5,4,2,11,10,0,0,1,6,3,7,2,2,3,0,0,1,4,0,0,2,1,4,0,0,1,1,3,2,1,1,1,1,2,2,0,0,8,10,2,2,4,4,1,3,6,1,1,1,2
"69","her",0.0463656272339071,17,1,71,2,0,4,10,0,10,21,66,63,140,89,88,43,42,62,33,56,14,14,1,5,11,1,36,31,35,2,60,48,54,79,69,67,46,72,49,72,11,35,33,27,19,63,75,110,13,74,57,81,21,61,10,94,95,72,30,41,37,79,25,57,65,61,6,10,16,55,15,22,39,26,51,18,14,57,8,11,44,57,44,23,13,66,45,26,35,99,140,109,16,63,94,36,32,20,16,29,1,59
"70","herself",0.0748030284898303,1,1,7,0,0,0,2,0,0,3,4,10,4,12,5,3,1,4,4,4,1,0,0,0,0,0,0,5,1,0,2,7,4,6,0,3,4,12,7,5,5,1,10,3,1,5,5,13,0,3,5,4,0,5,1,9,8,3,1,3,1,2,1,2,2,4,0,1,0,3,1,0,3,0,2,1,0,4,1,0,0,0,4,2,0,2,1,0,1,2,5,4,0,7,3,5,3,2,0,0,0,3
"71","high",0.0319312188276084,1,1,0,1,1,0,0,0,1,0,0,1,0,1,0,0,0,0,5,1,0,0,1,4,1,0,0,3,0,0,4,1,3,4,0,0,0,1,2,1,0,2,1,1,1,0,1,1,0,1,0,0,0,0,1,0,0,0,0,0,0,1,0,1,0,2,1,1,1,0,0,0,0,1,1,1,0,1,0,3,0,0,0,0,0,0,0,1,0,1,0,1,2,0,0,2,0,0,1,0,0,0
"72","him",0.0213563184602567,17,17,11,35,18,26,29,15,20,25,51,31,66,36,56,16,36,42,29,2,34,31,51,31,31,14,38,59,16,52,43,9,11,46,37,22,18,7,22,32,17,31,38,39,14,37,29,23,28,45,29,27,27,45,31,29,39,31,27,10,32,38,21,17,35,33,4,6,18,31,31,34,40,44,37,25,11,37,18,28,33,28,34,28,56,35,16,13,32,17,18,51,25,22,42,12,24,36,58,29,14,57
"73","home",0.0410387273943037,1,2,6,4,5,2,1,3,3,3,9,2,7,1,2,1,0,0,1,2,1,6,3,0,1,0,4,4,4,3,4,4,1,2,2,2,1,2,0,1,0,0,3,0,1,1,2,2,0,0,3,2,0,2,0,5,4,2,4,4,4,1,1,1,1,2,1,0,1,1,3,0,4,0,1,0,0,5,0,1,2,0,2,0,0,4,4,3,2,0,2,1,0,0,1,0,2,0,0,0,0,1
"74","however",0.0456014632199999,2,0,3,1,0,1,1,0,1,0,1,0,5,2,3,1,1,1,2,1,0,1,4,2,2,1,3,4,2,2,2,0,3,0,4,1,1,2,5,0,1,4,3,2,1,1,0,0,0,1,2,0,5,3,1,1,4,0,0,0,1,0,0,1,0,1,1,1,1,1,1,0,1,1,0,1,2,0,1,5,1,1,1,2,2,1,2,0,2,0,1,1,2,2,1,1,1,3,2,2,0,2
"75","i",0.000309585425855352,7,1,6,14,5,13,7,0,38,15,45,40,61,14,41,39,29,73,15,22,47,72,32,22,14,18,15,55,12,70,5,0,16,25,23,24,46,14,37,12,5,36,16,40,30,30,31,41,21,63,39,17,8,41,35,89,69,6,0,0,67,38,99,21,1,13,6,6,43,36,30,0,32,32,83,14,0,75,12,38,64,33,28,0,14,22,8,69,30,151,210,255,4,24,16,10,6,38,18,41,14,56
"76","i'll",0.0189617069115525,0,0,0,1,0,2,1,0,2,1,1,1,1,8,9,2,4,2,2,2,2,4,4,5,0,0,1,3,1,7,1,0,0,7,5,1,4,1,1,0,0,3,4,0,0,7,5,1,1,0,1,1,1,0,4,1,1,0,0,0,1,3,4,0,0,3,9,0,10,4,2,0,13,2,5,0,0,7,1,3,4,4,4,0,1,0,1,0,1,1,1,5,0,1,3,1,0,3,0,0,0,1
"77","i'm",0.0101752078010904,0,0,1,2,1,0,0,0,6,0,4,5,1,1,3,1,3,4,1,4,0,6,3,4,2,0,1,2,5,4,1,0,0,0,5,2,6,1,0,1,0,4,3,7,5,4,3,1,1,3,7,1,3,2,4,7,5,1,0,0,4,3,13,0,0,3,3,1,6,2,5,0,1,5,4,0,0,4,2,9,6,4,3,0,6,0,0,1,4,0,1,3,0,0,1,0,1,3,0,3,0,0
"78","i've",0.0467347022025508,0,0,0,0,0,0,1,0,1,2,2,0,5,1,1,0,0,0,0,0,0,3,1,0,0,2,1,1,1,3,0,0,0,2,3,1,0,0,0,0,0,2,3,1,3,1,0,0,3,3,0,0,0,4,1,6,7,0,0,0,3,2,6,0,0,0,0,0,2,0,2,0,1,0,3,0,0,1,0,0,1,0,0,0,2,0,0,0,2,2,0,10,0,0,0,0,0,1,0,0,0,0
"79","if",0.0608820309166139,8,7,9,13,14,11,5,6,9,7,18,7,18,11,32,15,9,17,11,16,16,20,11,18,11,6,8,21,11,23,14,4,5,24,19,5,10,5,23,17,4,15,17,11,5,14,8,16,16,18,8,15,13,35,6,33,40,13,9,5,25,20,35,22,16,32,3,3,13,9,13,14,20,18,17,11,5,15,11,15,19,19,18,8,10,8,4,18,8,19,39,33,10,15,8,8,16,14,16,8,0,20
"80","jephson",0.0607850312116168,0,0,0,0,0,0,0,0,0,0,0,0,0,0,0,0,0,0,0,0,0,0,0,0,0,0,0,0,0,0,0,0,0,0,0,0,0,0,0,0,0,0,0,0,0,0,0,0,0,0,0,0,0,0,0,0,0,0,0,0,0,0,0,0,0,0,0,0,0,0,0,0,0,0,0,0,0,0,0,6,30,12,16,10,17,7,4,6,10,18,16,24,21,3,9,5,3,1,1,1,1,2
"81","just",0.032967079124858,3,1,5,6,2,6,2,1,10,3,14,6,14,6,24,3,6,15,3,11,5,12,1,12,7,5,9,21,7,15,4,1,4,22,13,4,7,1,2,2,0,7,6,15,8,4,6,11,4,15,6,4,3,14,4,13,18,3,5,1,13,12,24,5,6,7,4,1,7,6,4,7,3,16,14,8,0,8,2,4,9,16,7,3,15,1,3,3,6,28,28,55,1,3,8,3,1,11,6,4,1,7
"82","justice",0.0736509087458016,0,0,0,0,0,0,0,0,0,0,0,0,0,0,0,0,0,0,0,0,0,0,0,0,0,0,0,0,0,0,0,0,0,0,0,0,0,0,0,0,0,0,0,0,0,0,0,0,0,0,0,0,0,0,0,0,0,0,0,0,0,0,0,0,0,0,0,0,0,1,0,0,0,0,0,2,0,0,2,0,0,0,5,0,1,5,1,2,2,2,3,2,5,0,2,1,0,2,0,0,0,1
"83","large",0.0323087966359915,1,1,2,2,1,1,0,0,1,0,1,1,1,0,0,1,2,0,0,1,1,0,0,6,1,0,4,10,1,2,1,1,0,3,0,0,0,1,0,1,0,0,1,0,1,1,0,0,0,1,0,0,0,1,0,1,0,0,1,1,0,2,0,0,0,2,5,0,2,2,0,0,0,1,1,0,0,1,2,0,0,0,2,0,5,0,0,0,1,0,2,3,1,1,2,2,0,1,1,0,0,0
"84","last",0.068311069172684,1,0,0,5,2,1,1,1,5,0,1,3,2,2,5,1,1,0,1,0,3,2,2,3,2,0,1,5,0,2,2,0,2,1,1,2,3,0,0,1,1,2,3,2,3,7,4,5,2,5,0,3,3,1,2,4,2,1,1,1,2,2,7,2,6,3,0,2,2,4,2,4,2,13,5,3,0,2,0,3,5,1,5,2,4,8,6,4,6,4,2,7,2,0,0,5,6,0,3,2,0,12
"85","leave",0.00670547294732982,0,0,2,0,1,1,0,0,0,0,0,0,1,0,1,1,0,1,1,1,0,1,0,3,0,0,3,1,0,1,2,1,0,1,3,1,3,2,3,2,0,1,0,0,1,0,1,2,0,1,0,1,0,1,0,3,10,3,0,1,1,3,2,3,4,8,2,0,1,1,0,2,3,2,1,2,0,1,0,0,0,1,0,0,0,1,0,1,1,7,3,1,1,1,0,0,1,0,0,0,0,1
"86","less",0.0807864808495312,2,3,1,1,1,0,2,1,3,2,5,0,3,1,0,1,1,1,1,4,0,2,1,0,0,0,4,0,0,1,5,2,0,1,1,0,0,0,2,1,1,2,1,3,0,2,1,1,1,0,1,0,0,0,2,5,1,2,1,1,2,1,2,1,1,1,1,0,0,2,1,0,1,0,2,1,1,3,2,2,0,0,1,2,1,1,4,1,3,2,1,2,2,1,4,2,2,2,1,0,0,0
"87","letters",0.0839708372672905,0,0,0,0,0,0,0,0,0,0,0,0,1,0,0,0,0,0,0,0,0,0,3,0,0,0,0,0,0,0,0,0,0,0,0,0,0,0,0,0,0,0,0,0,0,0,0,0,0,0,0,0,0,0,0,0,0,0,0,0,3,1,4,1,0,0,0,0,0,2,7,1,0,0,12,6,0,13,1,0,9,6,0,0,2,3,4,2,5,0,5,5,1,6,3,0,1,7,0,0,1,3
"88","lodge",0.0202169133444577,0,0,0,0,0,0,0,0,0,0,0,0,0,0,0,0,0,0,0,1,0,0,0,0,0,0,0,0,0,0,0,0,0,0,0,0,0,0,0,0,0,0,0,0,0,0,0,0,0,0,0,0,0,0,0,0,0,1,1,0,0,3,6,0,2,6,0,4,1,2,3,5,2,2,2,0,0,0,0,0,0,0,0,0,2,0,0,2,0,0,2,5,2,0,0,0,0,0,0,0,0,0
"89","lycurgus",0.00154071118277066,0,3,0,0,0,0,0,0,0,0,0,0,0,0,0,0,0,0,0,4,6,2,12,1,4,2,8,8,1,0,10,5,1,6,2,2,4,2,2,0,2,2,4,2,2,1,1,10,2,2,2,2,3,3,1,0,1,4,2,0,2,3,11,5,5,2,0,1,0,8,11,2,2,1,3,4,0,5,3,3,2,5,12,2,4,12,11,2,2,3,6,18,0,4,5,0,0,2,1,0,0,2
"90","man",0.0247077114674502,5,3,1,10,2,9,1,1,3,0,0,2,5,2,1,1,1,0,1,2,4,3,5,8,4,1,3,3,1,6,1,2,1,2,0,0,1,3,0,1,1,1,0,0,0,0,1,7,1,0,0,1,8,1,4,2,1,0,0,0,8,1,1,2,3,1,1,5,10,9,9,5,2,11,7,1,0,4,4,9,4,0,4,0,13,7,7,1,7,1,1,11,2,0,1,3,14,7,3,1,3,9
"91","many",0.00380638208367567,3,3,0,4,3,1,1,1,3,0,1,3,2,0,0,1,0,0,2,3,0,3,2,3,3,3,0,2,1,5,7,4,0,3,3,5,1,1,0,0,0,3,0,1,2,1,1,1,1,0,0,0,1,0,0,4,1,1,0,1,4,1,3,3,1,10,0,2,1,0,1,1,0,3,4,0,0,0,0,0,1,1,1,2,4,1,0,2,4,2,1,3,4,5,1,3,4,5,3,5,0,4
"92","married",0.0328496176283678,0,1,0,0,0,0,0,0,0,0,0,0,2,0,0,0,0,0,0,2,0,0,0,0,0,0,0,0,0,0,0,2,0,0,0,0,0,0,0,0,0,0,1,0,0,0,0,2,0,0,1,1,5,1,1,9,10,3,0,2,2,2,0,1,4,6,0,2,0,0,0,0,0,0,2,0,0,0,0,0,0,0,1,0,1,3,2,1,2,0,5,3,0,0,0,0,0,0,0,0,0,0
"93","mason",0.00122657771235213,0,0,0,0,0,0,0,0,0,0,0,0,0,0,0,0,0,0,0,0,0,0,0,0,0,0,0,0,0,0,0,0,0,0,0,0,0,0,0,0,0,0,0,0,0,0,0,0,0,0,0,0,0,0,0,0,0,0,0,0,0,0,0,0,0,0,1,0,6,25,15,0,0,11,25,14,12,15,2,26,9,7,17,2,12,13,9,10,3,12,13,75,18,0,1,0,0,0,1,1,0,0
"94","maybe",0.0195718847251117,0,0,0,1,1,1,1,0,1,1,1,3,1,2,3,1,0,4,1,0,2,2,3,1,0,1,0,3,0,0,0,1,3,6,1,0,2,1,1,1,0,0,0,2,0,1,0,3,0,0,0,0,0,2,3,1,0,0,0,0,3,4,3,1,6,5,1,0,0,2,4,4,9,1,4,2,1,1,1,1,8,1,3,3,2,1,0,4,0,4,11,13,1,1,4,1,3,1,3,8,2,3
"95","miles",0.0372449278032394,0,0,0,0,0,0,0,0,0,0,0,0,0,0,0,0,2,0,1,1,0,1,0,0,0,0,0,2,2,0,2,1,0,0,0,0,2,0,0,0,0,1,0,0,1,0,0,0,0,0,0,0,0,0,1,0,0,1,1,0,1,1,11,1,1,1,2,2,1,0,1,0,2,8,1,0,0,0,0,0,0,1,0,0,0,0,0,0,0,0,0,1,0,0,0,0,0,0,0,0,0,0
"96","miss",0.0414721677677986,0,0,0,0,0,0,0,0,0,0,0,2,0,0,0,0,0,0,1,0,0,1,0,0,0,0,0,0,2,4,8,0,1,1,2,0,0,3,0,0,0,0,1,5,1,1,0,2,1,1,0,0,0,0,0,2,0,0,2,0,0,0,0,0,0,1,1,0,1,0,0,0,0,0,5,1,0,1,0,1,4,1,3,0,0,1,3,0,6,44,17,26,2,1,0,0,0,0,1,5,0,2
"97","mother",0.0724172345654031,11,3,6,2,1,3,4,5,5,1,3,0,41,0,1,17,0,0,1,9,5,17,4,0,4,1,3,10,5,0,0,2,0,1,0,2,0,6,0,0,1,0,0,1,0,3,0,22,6,1,0,3,0,0,0,2,1,8,2,3,4,4,4,0,1,0,1,0,1,3,2,1,1,2,1,4,0,5,0,1,0,0,8,4,3,2,1,1,3,4,1,0,4,11,17,5,5,12,4,1,2,24
"98","much",0.038258884340872,9,6,2,7,4,5,9,8,7,6,14,7,15,11,14,7,8,5,3,15,8,12,8,19,6,7,16,19,9,11,11,8,7,6,1,6,6,3,7,4,5,6,8,13,6,7,13,6,5,9,10,8,6,11,5,18,16,7,1,2,7,20,8,7,6,12,2,0,4,6,1,1,2,3,6,2,0,8,0,2,7,5,10,5,1,6,3,10,7,26,14,43,7,4,9,4,5,8,8,8,1,5
"99","murder",0.0506686294920439,0,0,0,0,0,0,0,0,0,0,0,0,0,0,0,0,0,0,0,0,0,0,0,0,0,0,0,0,0,0,0,0,0,0,0,0,0,0,0,0,0,0,0,0,0,0,0,0,0,0,0,0,0,0,0,0,0,0,0,0,4,0,4,0,0,1,0,0,3,3,2,3,0,7,1,4,0,3,0,1,0,1,6,0,0,1,0,0,0,0,1,2,1,1,1,0,3,0,1,3,0,1
"100","never",0.0183440731667849,2,8,4,3,3,3,3,0,8,1,4,3,2,4,8,2,1,4,0,1,1,5,3,3,3,2,1,3,1,3,0,4,4,5,2,4,6,4,3,5,5,0,2,1,3,0,2,3,2,2,2,4,3,3,3,1,11,2,0,0,15,14,7,9,3,9,2,0,1,3,3,9,3,3,2,0,1,5,1,5,6,3,2,2,4,5,2,4,3,11,6,20,3,2,3,0,2,2,6,3,1,7
"101","new",0.0745129495641444,0,0,1,1,3,4,1,1,4,1,5,1,2,1,1,1,2,0,0,4,1,4,1,2,2,5,0,3,0,1,6,1,0,1,1,0,3,3,1,0,1,0,0,2,0,6,3,5,2,3,2,3,1,6,3,0,1,1,0,1,0,3,1,2,2,3,0,0,0,1,0,0,3,2,0,2,0,1,1,3,1,0,5,1,3,5,1,0,2,0,0,1,4,1,8,5,1,0,5,1,2,5
"102","notice",0.012471278302934,0,0,0,0,0,0,0,0,0,0,1,0,1,0,0,0,0,1,0,2,0,0,1,0,1,0,0,1,1,0,1,0,1,0,1,0,0,0,1,0,0,0,1,1,0,0,0,0,1,3,0,0,0,0,0,0,0,1,0,0,0,0,0,0,0,0,0,0,0,0,0,0,1,1,0,1,0,0,0,0,1,0,0,0,0,0,1,0,0,0,0,9,0,1,1,1,1,0,0,0,0,0
"103","opportunity",0.0290080236628558,0,0,1,1,0,0,1,1,0,0,3,0,1,0,3,0,0,0,2,1,1,0,3,0,0,1,0,3,1,1,0,0,0,0,7,2,1,0,0,0,0,0,0,0,1,1,0,1,1,0,1,0,0,1,0,0,4,0,0,0,0,0,0,1,0,1,0,0,1,0,0,1,1,1,1,0,0,0,0,0,0,1,1,0,0,3,0,0,0,0,0,0,0,0,0,0,0,0,0,0,0,2
"104","or",0.040666281936474,21,38,22,23,23,21,22,10,24,7,31,11,32,22,22,18,8,8,11,13,9,20,14,24,35,9,13,33,7,35,21,17,21,35,18,14,10,22,10,17,6,10,23,12,10,11,10,12,8,17,4,32,20,21,11,32,36,20,5,22,30,28,46,58,30,83,5,15,10,18,26,23,21,39,20,11,16,26,16,31,37,27,34,42,39,25,18,27,40,31,52,63,37,22,25,31,46,14,40,16,5,22
"105","pay",0.0429590073084243,0,0,0,0,1,2,0,4,3,1,1,0,3,3,3,6,1,0,0,0,1,0,3,0,0,0,1,0,1,4,1,0,1,0,0,0,0,0,0,1,0,0,0,3,0,1,0,0,1,0,0,0,0,1,0,3,0,0,0,0,0,0,1,1,0,0,0,0,0,0,0,1,1,0,0,0,0,0,0,0,1,1,0,0,2,0,0,1,0,0,2,3,1,2,0,0,0,0,0,0,0,0
"106","put",0.0311979320390793,2,0,3,1,0,0,0,0,7,1,5,3,6,1,1,2,4,2,1,0,1,1,1,4,0,0,6,1,3,2,1,0,2,1,0,3,1,1,1,1,0,0,1,0,2,1,5,1,1,0,3,0,0,0,1,2,1,3,0,0,2,0,2,1,4,3,0,0,3,0,1,1,3,1,1,0,0,2,2,0,4,1,0,0,1,1,1,3,1,0,3,6,1,0,0,1,3,1,0,0,0,1
"107","rather",0.076037901270669,8,7,1,5,2,3,1,2,6,5,6,2,5,4,1,0,3,0,0,4,7,2,6,7,1,0,6,6,6,1,1,0,2,2,0,0,1,1,0,1,1,1,2,0,1,2,2,2,2,3,2,2,1,5,0,4,1,1,1,0,1,1,1,0,0,3,0,0,2,0,3,4,1,2,1,0,0,4,1,3,1,1,2,0,1,0,1,0,0,0,0,2,0,1,0,1,0,1,0,0,1,0
"108","read",0.0539740782891562,0,1,2,0,0,0,0,0,1,0,0,0,1,0,0,0,0,0,0,0,0,2,0,3,0,0,0,1,0,0,2,1,0,0,0,0,0,0,0,1,2,1,1,1,1,0,2,1,1,0,0,1,1,1,0,0,0,1,0,0,3,0,2,1,0,0,0,2,1,1,0,0,0,2,0,0,0,0,1,1,0,1,3,3,1,1,0,1,2,3,1,5,3,8,3,3,1,8,3,1,1,4
"109","really",0.032817719351554,3,2,5,2,1,4,3,1,6,4,4,5,3,8,4,6,5,6,4,6,2,4,2,4,1,1,3,3,3,3,3,2,5,5,4,6,3,0,0,1,4,6,5,1,3,0,7,3,0,4,5,1,1,6,3,9,6,2,1,4,7,5,6,3,7,8,1,1,3,0,0,3,7,4,3,0,1,2,3,3,6,3,1,0,1,3,0,1,1,7,3,12,3,0,1,2,1,4,2,9,0,6
"110","relationship",0.0912242684570337,0,0,0,0,0,0,1,0,0,0,0,0,0,1,1,0,0,0,0,0,0,0,0,0,0,0,2,3,1,2,1,0,0,0,0,0,0,1,1,2,0,0,0,0,0,0,3,2,0,1,1,5,0,0,2,0,2,2,0,0,2,0,0,1,0,0,0,0,0,0,0,0,0,0,0,0,0,1,1,0,0,1,0,0,0,2,0,0,3,5,0,0,2,0,0,0,0,0,0,0,0,0
"111","returned",0.0948808922216507,0,0,3,2,1,2,0,0,1,1,1,0,2,2,1,1,2,1,0,1,0,2,2,0,0,0,0,4,0,3,0,1,0,1,2,1,1,2,1,0,1,0,0,0,1,1,4,0,0,0,1,1,2,2,0,0,1,1,0,0,2,0,1,0,2,0,0,0,2,0,0,0,1,2,0,0,1,2,0,1,1,0,2,0,0,0,1,0,0,2,2,6,1,1,1,1,0,0,1,1,0,2
"112","right",0.0215221783273531,2,1,3,5,3,6,5,0,6,0,3,4,5,3,4,1,7,8,6,3,5,11,3,4,4,6,6,10,1,12,1,1,1,1,5,2,8,3,8,1,0,5,2,5,3,0,1,1,4,2,2,5,4,6,3,7,10,1,1,0,2,6,5,1,3,4,4,3,4,6,6,1,8,6,5,1,1,1,2,2,6,7,4,1,4,1,1,3,4,10,17,12,4,0,1,1,2,2,1,1,1,7
"113","roberta",9.88397550940601e-05,0,0,0,0,0,0,0,0,0,0,0,0,0,0,0,0,0,0,0,0,0,0,0,0,0,0,0,0,0,0,5,11,13,14,22,9,28,19,14,9,12,5,8,8,4,8,14,24,2,14,3,17,4,18,0,25,21,13,10,4,18,8,18,14,12,35,0,5,1,21,7,8,2,7,10,3,7,5,0,3,7,14,4,5,9,13,25,7,9,10,16,23,7,2,6,0,0,6,8,5,0,6
"114","sad",0.0936907934840214,0,0,1,0,0,0,0,0,0,0,0,0,0,0,0,1,1,1,0,0,0,0,1,0,0,0,0,0,1,0,0,1,0,0,1,0,0,1,1,0,0,0,0,0,1,0,0,0,0,1,1,1,0,0,0,0,1,0,1,0,2,3,0,1,1,0,0,0,0,0,0,0,0,0,0,0,0,1,0,0,1,1,0,0,0,0,0,1,0,0,0,9,0,2,0,0,0,4,1,2,0,2
"115","said",0.0515208601901622,2,0,8,4,2,5,2,4,9,5,8,1,8,2,5,8,5,10,3,2,2,5,2,6,5,2,3,2,1,3,7,0,1,1,5,2,2,2,4,1,1,3,1,6,9,5,1,6,0,10,7,5,2,7,4,5,13,0,1,2,6,4,9,7,4,2,2,2,4,2,2,1,5,3,3,1,0,7,2,2,8,2,4,4,3,1,3,5,3,11,17,29,2,6,5,1,7,6,5,5,1,10
"116","sense",0.0422764573432145,2,2,0,0,0,0,2,1,1,0,1,0,3,0,1,0,1,0,1,0,0,2,0,2,1,0,2,2,2,0,0,0,1,0,1,0,1,2,0,1,2,0,0,5,2,1,1,1,0,2,0,0,0,0,0,1,1,1,1,0,0,0,1,1,2,0,0,0,0,1,0,0,0,0,1,0,0,3,0,0,0,0,0,0,2,2,0,0,0,3,2,1,2,1,1,0,0,0,2,0,0,1
"117","she",0.0704528524608454,14,5,76,3,0,2,9,1,8,28,61,55,156,84,137,40,55,56,14,32,10,12,1,9,21,1,38,23,23,1,47,58,59,77,78,60,52,93,58,52,8,39,33,45,31,44,50,88,10,58,50,40,18,70,4,83,103,45,10,35,30,75,18,55,38,40,4,2,6,39,19,13,29,14,17,12,1,19,1,3,16,15,35,17,8,37,45,15,11,55,103,74,6,52,65,38,32,22,17,7,1,32
"118","short",0.0179554623316643,1,1,2,2,0,2,2,0,1,0,0,0,2,0,0,0,0,0,1,0,0,0,1,5,0,0,0,0,0,2,0,0,0,1,0,0,0,0,0,0,0,0,0,2,0,0,0,0,0,0,1,0,1,1,22,4,1,0,0,1,0,1,0,0,0,0,0,0,1,0,0,0,2,0,0,0,0,0,1,0,0,0,1,0,2,0,2,0,1,0,0,1,0,0,0,0,0,0,0,0,0,3
"119","since",0.0156828470961069,1,1,0,4,0,0,2,1,1,1,0,0,4,2,1,2,5,0,0,1,2,10,5,2,1,3,3,3,6,2,10,1,6,0,3,5,4,6,2,1,5,4,5,3,1,2,3,1,1,2,2,3,6,6,5,4,15,2,3,3,6,3,5,2,5,7,1,4,1,6,1,6,3,3,4,4,4,6,1,6,4,0,3,3,2,3,0,8,5,3,2,5,1,1,6,0,1,2,6,3,2,6
"120","some",0.0777259337356752,6,10,15,8,1,7,10,3,12,2,5,9,21,10,9,9,6,3,5,6,2,8,11,14,9,6,10,9,7,12,12,13,3,13,16,2,7,5,4,10,5,9,18,9,6,10,6,5,6,7,5,14,5,19,14,22,19,19,7,7,11,6,18,19,8,18,5,5,12,11,7,10,9,9,3,3,3,12,10,9,12,8,8,6,6,8,9,13,3,9,18,23,5,8,6,4,12,4,12,5,5,5
"121","son",0.00141379872531422,0,1,0,0,0,2,1,0,0,0,0,0,0,1,0,1,3,0,0,1,10,6,9,1,0,0,1,6,0,5,0,0,0,1,0,0,0,0,0,0,0,0,1,0,0,0,0,1,0,0,0,0,0,0,0,1,0,1,0,0,2,0,0,0,0,0,0,0,1,1,2,0,0,0,1,0,0,1,3,1,0,0,5,0,0,2,0,0,0,0,0,0,1,8,9,6,6,5,1,5,0,10
"122","sondra",0.0382664620685976,0,0,0,0,0,0,0,0,0,0,0,0,0,0,0,0,0,0,0,8,1,0,0,0,0,0,0,0,12,0,1,0,1,3,1,0,1,0,1,0,0,9,26,12,16,14,7,2,4,5,16,7,0,7,1,0,12,13,9,4,15,30,7,8,7,6,0,0,0,0,5,8,31,20,12,7,0,8,4,1,2,6,0,4,2,0,0,0,1,2,0,5,4,0,2,0,0,0,7,5,0,3
"123","soon",0.0190716473536761,0,0,1,4,0,1,0,0,3,0,7,0,1,0,4,2,0,2,1,2,0,4,2,2,0,0,2,6,0,0,2,1,3,1,1,1,2,3,2,0,0,0,0,1,1,0,3,2,1,3,1,4,0,0,0,1,2,2,1,2,2,3,2,0,4,4,0,2,0,0,0,0,2,2,2,1,1,0,0,2,2,0,0,0,0,1,0,1,0,1,3,2,2,1,3,3,5,0,2,1,0,2
"124","state",0.0679982284120247,0,1,0,0,0,1,0,0,1,0,1,0,1,2,0,0,0,1,2,0,0,0,2,0,0,0,0,0,0,0,0,1,1,1,0,0,0,0,0,1,1,1,2,1,0,0,0,2,0,0,4,1,2,3,0,3,7,0,3,2,1,0,4,3,1,2,0,0,1,2,0,2,0,0,0,0,2,2,0,3,3,0,2,2,2,8,0,1,0,1,2,0,1,0,6,0,0,2,2,4,0,5
"125","store",0.0906517213141143,0,2,0,16,0,5,0,0,1,0,1,5,0,3,4,1,1,0,0,0,0,2,0,0,1,2,1,1,0,0,0,1,0,0,1,0,0,0,0,0,0,0,0,1,0,0,0,1,0,0,0,0,0,0,3,0,0,0,1,0,0,0,0,1,0,0,0,0,0,0,0,0,0,0,0,0,0,0,0,0,0,0,0,0,0,1,0,0,0,1,0,0,0,0,0,0,0,0,1,0,0,0
"126","story",0.00640255832839198,0,0,0,0,0,1,0,0,0,0,0,0,0,0,0,0,0,0,0,0,0,1,0,0,0,0,0,0,0,0,0,0,0,0,0,1,0,0,0,0,0,0,0,0,0,0,0,1,0,2,0,0,0,0,1,3,0,0,0,0,0,0,0,0,0,0,0,0,0,0,1,0,0,0,0,0,1,3,0,4,5,3,3,1,3,3,1,4,1,3,1,1,0,1,1,0,0,1,1,5,0,1
"127","street",0.0712535554094621,10,3,2,2,0,0,0,0,4,0,1,3,16,1,1,1,0,0,8,0,0,3,0,7,4,0,2,3,1,1,3,2,0,1,7,1,3,2,3,1,0,2,0,0,0,0,0,0,0,2,0,0,2,0,0,0,0,0,0,0,0,0,0,0,3,0,0,0,0,0,1,2,0,0,1,0,0,0,0,0,0,0,2,1,0,1,0,0,0,1,1,0,0,1,3,0,0,0,0,0,0,9
"128","suddenly",0.0386475881018999,0,0,1,1,0,1,0,0,0,0,4,0,4,1,1,2,0,2,6,0,2,1,0,3,1,0,1,1,2,0,0,1,2,5,1,4,1,0,2,3,0,0,2,0,0,0,4,0,0,6,2,0,0,0,0,3,2,0,0,0,0,1,2,2,0,4,0,0,0,3,2,1,0,2,2,1,1,1,0,0,0,0,0,0,1,2,1,0,1,0,4,2,0,0,2,0,0,2,0,0,0,1
"129","talk",0.0848737367997607,0,0,3,3,1,0,1,1,1,0,0,2,0,0,3,0,0,0,1,3,1,1,0,1,0,0,0,0,1,3,0,0,1,5,4,3,1,0,2,0,0,0,1,2,0,0,0,0,0,0,0,3,0,0,0,3,1,1,0,0,2,2,2,0,0,3,0,0,1,4,1,0,3,1,3,2,1,2,2,6,0,1,2,2,2,0,1,2,0,1,7,0,0,0,1,1,2,2,2,1,0,0
"130","themselves",0.0366139227300497,0,1,0,2,1,1,1,0,2,0,2,1,1,1,0,0,0,1,1,0,0,0,0,1,1,0,3,4,2,1,2,1,1,0,1,0,0,1,0,2,0,0,0,1,1,1,1,1,1,0,0,1,1,0,0,1,1,0,0,0,0,0,2,0,1,0,0,1,0,1,0,1,0,0,0,1,0,1,0,1,1,1,5,0,0,1,1,2,1,0,0,0,1,3,1,0,1,0,1,0,1,1
"131","there",0.00475617089604108,5,6,13,18,8,7,8,2,15,2,12,3,18,10,8,10,16,16,16,19,10,18,10,13,6,6,10,14,7,33,13,6,8,22,17,10,13,8,22,7,3,9,7,11,8,9,17,10,7,10,4,10,16,19,7,19,18,7,2,0,17,8,27,31,20,52,6,17,30,23,13,20,24,24,35,17,2,29,6,10,26,16,18,6,20,14,10,17,12,18,54,68,10,10,16,7,24,12,23,22,2,17
"132","these",0.0375430232643984,5,6,2,6,3,3,13,8,14,8,12,2,4,3,3,1,2,3,7,1,0,5,4,21,2,1,8,9,7,5,8,6,2,6,1,0,3,1,2,4,3,0,2,6,0,2,1,5,2,8,3,5,2,1,6,6,3,2,2,2,6,3,5,1,4,9,3,5,0,0,5,6,3,8,15,1,5,2,1,6,4,7,6,2,1,6,2,3,4,2,6,25,6,4,9,5,11,8,9,2,1,9
"133","things",0.0952000461228009,3,7,4,1,1,2,2,3,5,0,2,4,5,3,4,2,2,0,0,3,1,6,0,1,3,1,0,3,1,5,0,3,0,1,0,0,0,2,0,1,0,0,0,2,3,1,3,2,1,7,3,4,0,3,3,5,6,1,2,0,9,5,3,3,2,1,0,1,1,0,2,1,1,1,5,3,0,4,2,3,3,2,3,0,2,4,1,2,2,7,6,5,0,4,4,0,0,3,5,2,0,5
"134","three",0.011924156274046,2,2,0,1,2,2,2,2,0,0,3,1,0,1,3,0,1,0,2,0,1,3,0,2,1,0,1,3,2,1,4,2,0,0,1,0,0,0,0,1,0,0,2,0,2,1,5,0,0,2,2,1,0,1,2,3,1,0,0,2,2,2,6,4,5,2,3,9,5,1,5,7,10,10,4,5,1,0,1,2,0,2,2,1,1,1,3,4,2,0,2,23,2,1,0,1,4,2,0,0,0,2
"135","to-night",0.0828321652347588,3,0,0,0,1,0,0,0,5,1,2,2,0,0,6,0,0,0,0,0,0,0,0,0,0,0,1,2,0,0,0,0,1,0,2,0,0,0,0,2,0,1,0,0,0,2,0,0,0,3,0,3,0,3,1,0,0,0,0,0,0,0,1,0,1,2,0,0,0,0,3,0,2,0,0,0,0,2,0,0,0,1,0,0,0,0,0,0,0,0,0,0,0,0,1,0,0,0,0,0,0,0
"136","together",0.0729465783218011,1,0,1,0,1,1,2,0,4,0,3,0,2,0,4,1,1,0,1,1,0,0,1,0,2,1,6,3,0,0,0,1,0,0,3,1,4,1,0,1,0,1,1,2,3,1,4,0,1,0,1,0,0,1,0,2,2,1,0,1,1,1,2,1,4,3,0,1,0,1,3,0,1,8,3,0,0,1,0,2,0,0,3,0,3,1,0,2,1,3,1,3,2,5,2,1,0,1,0,0,1,2
"137","told",0.0188549657253414,0,1,1,0,1,1,1,2,2,0,0,2,1,0,2,2,0,0,1,2,3,4,0,2,1,1,0,0,0,1,1,0,0,0,1,1,1,1,0,2,0,0,1,0,0,0,3,2,0,3,1,1,0,2,1,5,1,0,0,0,4,1,2,0,0,0,0,1,1,0,1,0,0,2,2,1,0,9,1,0,0,2,1,1,3,0,1,2,3,9,13,7,1,1,1,0,2,4,1,2,0,2
"138","tone",0.0638156851881563,0,0,0,0,0,0,0,0,1,0,0,1,0,0,0,0,2,2,0,0,1,1,0,1,1,0,2,2,0,2,0,0,0,0,0,0,0,0,2,0,0,0,0,0,2,0,2,1,0,2,0,1,1,0,0,3,2,0,0,0,0,0,2,1,0,0,0,0,0,0,0,0,1,0,0,0,0,0,0,0,2,0,0,0,0,1,0,0,0,0,0,0,0,1,0,0,1,1,0,0,0,0
"139","took",0.0701851851350247,2,1,3,2,0,4,1,0,1,0,1,1,2,1,1,1,0,3,1,1,0,2,2,2,1,0,1,4,2,1,4,1,0,1,0,1,1,0,2,1,0,2,1,1,3,0,0,0,1,2,0,0,2,2,2,0,2,1,0,0,1,1,1,0,2,1,0,1,4,0,4,0,1,1,4,1,0,0,0,2,2,0,0,0,1,3,0,1,0,3,8,6,1,0,0,1,0,1,1,1,0,2
"140","type",0.0778050911931921,1,1,1,0,0,0,5,1,0,1,3,1,0,2,0,0,0,0,0,0,0,1,0,5,1,0,1,0,0,0,3,8,1,1,0,0,0,1,1,0,0,0,0,2,2,0,1,0,0,0,1,0,0,0,0,1,0,0,0,0,1,0,2,0,0,1,0,0,0,1,0,0,0,2,1,3,0,1,0,0,0,0,0,1,0,1,2,1,0,1,0,1,1,0,0,0,1,0,0,0,0,1
"141","uncle",0.018947043966799,0,4,0,0,0,0,0,0,1,0,0,0,0,0,0,0,0,0,0,0,2,2,25,11,3,4,5,2,1,2,2,0,0,2,1,0,0,0,0,0,0,1,2,0,1,0,0,1,0,1,0,0,0,1,0,1,5,1,2,0,0,0,1,7,0,0,0,0,0,0,1,2,0,1,0,0,0,2,0,0,1,1,1,2,0,3,0,1,1,2,0,0,1,1,0,0,0,0,1,0,0,0
"142","wait",0.0799524688008553,0,0,0,0,3,0,0,0,0,0,2,0,2,1,3,1,0,1,1,0,1,0,2,0,0,0,1,0,0,1,0,0,1,0,1,2,0,0,0,0,0,3,0,1,0,0,2,1,0,0,0,0,0,1,0,4,1,1,0,1,0,4,0,3,3,2,1,0,0,2,2,2,2,2,1,1,0,1,0,1,0,2,0,0,0,3,2,2,0,1,4,2,1,0,0,0,2,0,2,0,0,0
"143","walk",0.0569508239128208,0,0,2,0,0,0,1,0,1,0,1,0,2,0,2,0,0,0,2,0,0,0,0,1,0,2,0,3,0,0,0,1,0,2,4,0,0,0,2,0,1,0,2,0,0,0,0,0,0,0,0,0,0,0,0,2,0,0,0,0,1,0,1,3,1,1,0,0,0,0,0,0,1,2,1,0,0,0,0,1,0,0,0,2,1,0,0,3,1,0,1,2,0,0,0,1,3,3,0,0,0,2
"144","want",0.0510496464812309,1,0,3,4,0,4,0,1,6,3,7,1,10,1,8,2,3,17,1,3,5,10,2,3,1,2,2,3,1,14,0,1,2,13,6,0,4,5,11,1,0,2,1,6,3,4,9,6,3,7,1,0,3,6,4,8,14,2,0,1,9,4,6,3,0,0,0,0,4,4,3,1,6,7,8,0,1,3,3,11,12,8,0,1,3,3,1,3,1,9,7,10,0,3,3,0,0,0,1,4,0,1
"145","wasn't",0.0124862423969829,0,1,1,0,0,2,0,2,0,0,4,1,5,0,3,0,2,3,0,0,2,2,0,0,1,0,2,0,0,0,0,0,0,4,0,0,0,0,0,0,0,0,0,1,2,0,1,2,1,2,0,0,0,2,0,0,2,0,0,0,2,0,0,0,0,0,0,0,0,1,0,1,1,3,3,2,0,0,0,1,3,0,0,0,0,0,1,1,0,11,7,29,0,0,1,1,0,2,0,1,0,0
"146","way",0.0344132387685678,7,8,8,4,2,8,4,0,13,0,9,4,11,7,12,13,5,14,6,3,6,8,6,9,6,5,9,9,5,6,3,0,5,6,12,5,14,5,12,5,1,3,8,8,1,6,4,5,5,11,7,11,3,9,7,18,21,8,5,5,12,11,11,16,11,12,1,1,8,6,7,9,4,6,12,6,4,5,2,6,10,4,6,4,4,7,1,10,6,15,16,28,2,5,8,5,5,1,9,5,1,9
"147","week",0.0362040037244729,1,1,2,3,1,1,1,1,0,0,3,2,4,2,2,17,1,3,0,0,0,2,1,2,1,1,1,1,1,0,2,3,1,0,0,0,0,0,0,0,0,1,0,0,0,0,0,0,0,1,0,0,0,0,1,1,1,0,0,1,1,1,4,0,1,0,0,0,0,0,0,0,4,0,0,0,0,1,0,0,0,0,1,0,0,2,0,0,0,0,3,3,1,0,3,2,3,1,1,1,1,0
"148","well",0.0426687684486666,4,5,5,9,2,4,4,4,9,3,12,8,13,6,8,9,6,10,3,10,15,12,15,17,11,8,7,17,5,19,9,5,5,8,10,2,6,9,4,5,1,8,5,8,6,10,3,12,4,6,5,9,3,10,5,35,15,5,3,3,10,12,10,9,8,9,4,7,10,8,20,8,14,13,24,10,1,15,3,9,19,18,7,6,5,4,6,7,13,43,56,109,4,6,4,5,16,7,2,2,2,11
"149","white",0.00831599561715701,1,1,0,2,0,3,0,0,0,0,0,0,0,0,0,0,3,0,0,0,0,0,0,4,0,0,0,1,0,2,3,0,0,2,1,2,1,0,0,0,0,0,0,6,0,0,0,0,0,2,2,1,0,2,0,2,0,0,0,1,1,7,0,0,2,2,0,0,0,0,1,1,2,2,1,2,0,0,0,0,0,0,1,0,1,0,0,0,0,0,0,2,0,2,0,0,0,1,0,0,0,5
"150","women",0.0547887286731711,0,1,1,1,0,1,1,0,5,0,0,1,0,0,0,0,0,0,1,1,0,1,0,3,2,0,0,0,0,12,1,2,0,1,0,0,0,0,0,0,1,0,0,0,1,0,0,0,0,0,0,1,0,1,0,2,0,0,0,0,1,0,0,0,0,0,0,0,0,0,0,0,0,0,0,0,0,1,0,0,0,0,0,1,2,1,0,0,2,1,1,0,1,0,2,0,1,0,0,0,0,1
"151","word",0.0272302962148235,1,1,0,1,0,1,0,0,1,0,0,1,1,0,0,1,2,0,2,1,0,1,0,1,0,0,0,0,0,2,1,0,0,0,2,1,0,1,0,2,0,0,2,0,0,1,2,0,2,0,1,2,0,1,1,0,0,0,2,1,1,1,5,0,0,0,0,1,2,5,1,0,2,1,0,2,0,2,0,1,0,0,2,3,0,5,1,0,5,1,2,4,8,1,3,2,1,5,1,0,0,4
"152","wouldn't",0.0897478346596761,0,0,0,0,0,2,0,0,5,3,1,2,7,1,6,1,3,6,0,1,4,1,3,2,0,1,1,7,0,2,0,0,0,0,0,0,7,1,5,2,0,1,4,3,1,0,0,2,2,6,0,3,1,3,6,6,7,0,0,1,2,1,2,0,1,0,0,0,0,0,0,0,1,1,2,2,0,3,0,1,3,0,0,0,1,0,0,0,0,2,10,7,0,0,0,0,1,1,1,0,0,0
"153","write",0.058408195029615,0,0,0,0,0,0,0,0,0,0,0,0,2,0,0,0,0,0,0,0,0,7,2,0,0,1,0,1,0,0,0,0,0,0,0,0,1,0,0,0,0,0,0,0,0,1,0,0,0,0,0,0,1,1,0,0,0,0,1,0,9,4,14,2,0,0,2,1,0,0,0,0,0,0,1,1,0,0,0,0,1,2,2,1,0,1,0,0,1,2,1,2,0,3,0,2,0,0,0,0,1,0
"154","years",0.078199932244384,2,3,1,4,1,2,2,1,1,0,3,0,1,1,0,1,1,0,0,4,7,2,4,2,1,0,0,4,0,2,0,3,0,1,0,0,0,0,0,0,1,0,0,0,0,0,0,4,1,1,0,2,0,0,1,2,0,1,0,0,2,0,1,0,0,0,0,2,5,0,2,0,0,1,2,0,1,3,0,4,1,1,4,1,0,4,0,1,2,2,0,0,0,1,2,0,1,0,0,0,0,5
"155","yes",0.00900746156860677,1,0,5,0,3,3,1,0,0,3,1,2,5,2,1,4,0,3,0,1,4,0,3,8,3,3,0,7,2,7,1,0,2,4,1,5,0,1,2,0,0,4,1,6,5,2,0,9,0,4,1,1,1,0,2,4,2,0,1,0,1,3,0,1,2,4,14,0,3,6,4,2,4,6,6,5,0,3,1,0,15,23,3,0,3,2,4,5,0,42,37,87,1,0,0,1,4,0,2,19,0,8
"156","yourself",0.0995765175118395,0,1,0,0,0,0,0,0,0,0,1,0,0,0,0,0,0,0,0,3,0,2,1,0,0,0,0,0,0,1,0,1,0,1,0,0,0,0,0,0,0,0,0,0,0,0,0,1,1,0,0,0,0,1,0,2,2,0,0,0,0,0,0,0,0,1,0,0,1,1,0,0,0,0,9,0,0,1,0,1,1,0,0,0,2,0,0,0,0,3,1,11,0,0,0,0,0,4,0,1,0,1
